Product Name,Price,Description
LG OLED 139 cm (55 inch) OLED Ultra HD (4K) Smart WebOS TV,"2,72,199",Operating System: WebOSUltra HD (4K) 3840 x 2160 Pixels Launch Year: 20171 Year LG India Domestic Warranty
SAMSUNG 138 cm (55 inch) Ultra HD (4K) Curved LED Smart Tizen TV,"2,41,599",Operating System: TizenUltra HD (4K) 3840 x 2160 Pixels Launch Year: 20161 Year Manufaturer Warranty
SAMSUNG Q Series 138 cm (55 inch) QLED Ultra HD (4K) Smart Tizen TV,"2,24,199",Operating System: TizenUltra HD (4K) 3840 x 2160 Pixels Launch Year: 20181 Year Comprehensive Warranty on Product and 1 Year Additional Warranty on Panel from Samsung
LG 139 cm (55 inch) OLED Ultra HD (4K) Smart WebOS TV,"1,08,999",Operating System: WebOSUltra HD (4K) 3840 x 2160 Pixels Launch Year: 20181 Year LG India Comprehensive Warranty on Product and Additional 1 Year Warranty is Applicable on Panel/Module Only
SAMSUNG Series 7 138 cm (55 inch) Ultra HD (4K) LED Smart Tizen TV,"1,06,499",Operating System: TizenUltra HD (4K) 3840 x 2160 Pixels Launch Year: 20181 Year Comprehensive Warranty on Product and 1 Year Additional Warranty on Panel from Samsung
LG Nanocell 139 cm (55 inch) Ultra HD (4K) LED Smart WebOS TV,"1,04,199",Operating System: WebOSUltra HD (4K) 3840 x 2160 Pixels Launch Year: 20201 Year LG India Comprehensive Warranty and Additional 1 Year Warranty is applicable on Panel/Module from the date of purchase
SAMSUNG The Serif Series 138 cm (55 inch) QLED Ultra HD (4K) Smart Tizen TV,"1,02,999",Operating System: TizenUltra HD (4K) 3840 x 2160 Pixels Launch Year: 20201 Year Comprehensive Warranty on Product and 1 Year Additional Warranty on Panel
SAMSUNG Series 6 138 cm (55 inch) Ultra HD (4K) LED Smart Tizen TV,"1,02,199",Operating System: TizenUltra HD (4K) 3840 x 2160 Pixels Launch Year: 20171 Year Warranty on the Product
SAMSUNG QN85BAKL 138 cm (55 inch) QLED Ultra HD (4K) Smart Tizen TV,"93,890",Operating System: TizenUltra HD (4K) 3840 x 2160 Pixels Launch Year: 20221 Year Comprehensive Warranty on Product and 1 Year Additional on Panel
"LG OLED A3 139 cm (55 inch) OLED Ultra HD (4K) Smart WebOS TV Alpha77 Gen6 AI Processor, AI Picture Pr...","89,990",Operating System: WebOSUltra HD (4K) 3840 x 2160 Pixels Launch Year: 20233-Year Warranty on Product
SAMSUNG The Frame 138 cm (55 inch) QLED Ultra HD (4K) Smart Tizen TV with Matte Display,"84,990",Operating System: TizenUltra HD (4K) 3840 x 2160 Pixels Launch Year: 20221 Year Comprehensive Warranty on Product and 1 Year Additional on Panel
LG 139 cm (55 inch) Full HD LED Smart WebOS TV,"80,999",Operating System: WebOSFull HD 1920 x 1080 Pixels Launch Year: 20161 Year LG India Comprehensive Warranty on Product and Additional 1 Year Warranty is applicable on Panel/Module
SONY Bravia 138.8 cm (55 inch) Ultra HD (4K) LED Smart Google TV,"71,699",Operating System: Google TVUltra HD (4K) 3840 x 2160 Pixels Launch Year: 20211 year Comprehensive warranty by the manufacture from the date of purchase | Contact Brand toll free number for assistance and provide product's model name and seller's details mentioned on your invoice. The service center will allot you a convenient slot for the service.
MOTOROLA EnvisionX Spectra Mini LED 165 cm (65 inch) Ultra HD (4K) Mini LED Smart Google TV 2024 Editi...,"61,999",Operating System: Google TVUltra HD (4K) 3840 x 2160 Pixels Launch Year: 20241 Year Warranty
MOTOROLA EnvisionX Spectra Mini LED 165 cm (65 inch) Ultra HD (4K) Mini LED Smart Google TV 2024 Editi...,"61,999",Operating System: Google TVUltra HD (4K) 3840 x 2160 Pixels Launch Year: 20241 Year Warranty
MOTOROLA EnvisionX Spectra Mini LED 165 cm (65 inch) Ultra HD (4K) Mini LED Smart Google TV 2024 Editi...,"61,999",Operating System: Google TVUltra HD (4K) 3840 x 2160 Pixels Launch Year: 20241 Year Warranty
MOTOROLA EnvisionX Spectra Mini LED 165 cm (65 inch) Ultra HD (4K) Mini LED Smart Google TV 2024 Editi...,"61,999",Operating System: Google TVUltra HD (4K) 3840 x 2160 Pixels Launch Year: 20241 Year Warranty
SONY Bravia 2 138.8 cm (55 inch) Ultra HD (4K) LED Smart Google TV 2024 Edition,"60,999",Operating System: Google TVUltra HD (4K) 3840 x 2160 Pixels Launch Year: 20241 Year Warranty
SONY Bravia X75L 138.8 cm (55 inch) Ultra HD (4K) LED Smart Google TV,"60,999",Operating System: Google TVUltra HD (4K) 3840 x 2160 Pixels Launch Year: 20231 Year Manufaturer Warranty on the Product
Sansui 140 cm (55 inch) Ultra HD (4K) LED Smart TV,"57,899",Ultra HD (4K) 3840 x 2160 Pixels Launch Year: 20161 Year with additional 2 Years Extended Warranty
LG 139 cm (55 inch) Ultra HD (4K) LED Smart WebOS TV,"55,990",Operating System: WebOSUltra HD (4K) 3840 x 2160 Pixels Launch Year: 20211 Year Product Warranty Applicable
SONY Bravia X74L 138.8 cm (55 inch) Ultra HD (4K) LED Smart Google TV,"54,990",Operating System: Google TVUltra HD (4K) 3840 x 2160 Pixels Launch Year: 20231 Year Warranty
Hisense U7H 139 cm (55 inch) QLED Ultra HD (4K) Smart VIDAA TV With Full Array Local Dimming,"52,699",Operating System: VIDAAUltra HD (4K) 3840 x 2160 Pixels Launch Year: 20222 Years Warranty on Product
LG UQ8020 139 cm (55 inch) Ultra HD (4K) LED Smart WebOS TV with ThinQ AI & Magic Remote Control,"51,499",Operating System: WebOSUltra HD (4K) 3840 x 2160 Pixels Launch Year: 20221 Year Product Warranty Applicable
"Daiwa 165 cm (65 inch) QLED Ultra HD (4K) Smart WebOS TV Bezelless design,LG ThinQ and Dolby Audio","50,999",Operating System: WebOSUltra HD (4K) 3840 x 2160 Pixels Launch Year: 20241 year Comprehensive Warranty on Product
SAMSUNG AUE60 138 cm (55 inch) Ultra HD (4K) LED Smart Tizen TV,"48,999",Operating System: TizenUltra HD (4K) 3840 x 2160 Pixels Launch Year: 20211 Year Comprehensive Warranty on Product and 1 Year Additional on Panel
Mi X Pro 138 cm (55 inch) Ultra HD (4K) LED Smart Google TV with 4K Dolby Vision IQ | HDR10+ | Dolby A...,"47,999",Operating System: Google TVUltra HD (4K) 3840 x 2160 Pixels Launch Year: 20231 Year Warranty on Product and 2 Years Warranty on Panel
Mi X Pro 138 cm (55 inch) Ultra HD (4K) LED Smart Google TV with 4K Dolby Vision IQ | HDR10+ | Dolby A...,"47,999",Operating System: Google TVUltra HD (4K) 3840 x 2160 Pixels Launch Year: 20231 Year Warranty on Product and 2 Years Warranty on Panel
Mi X Pro 138 cm (55 inch) Ultra HD (4K) LED Smart Google TV with 4K Dolby Vision IQ | HDR10+ | Dolby A...,"47,999",Operating System: Google TVUltra HD (4K) 3840 x 2160 Pixels Launch Year: 20231 Year Warranty on Product and 2 Years Warranty on Panel
SAMSUNG New D Series Brighter Crystal Vision Pro (2024 Edition) 138 cm (55 inch) Ultra HD (4K) LED Sma...,"44,490",Operating System: TizenUltra HD (4K) 3840 x 2160 Pixels Launch Year: 20242 Year Warranty (1 Year Standard Warranty + 1 Year additional warranty on Panel)
SAMSUNG Crystal Vision 4K iSmart with Voice Assistant 138 cm (55 inch) Ultra HD (4K) LED Smart Tizen T...,"43,990",Operating System: TizenUltra HD (4K) 3840 x 2160 Pixels Launch Year: 20231 Year Comprehensive Warranty on Product and 1 Year Additional Warranty on Panel
TCL 139 cm (55 inch) QLED Ultra HD (4K) Smart Google TV T-SCREEN |Dolby Vision-Atmos | Hands-Free Voic...,"43,990",Operating System: Google TVUltra HD (4K) 3840 x 2160 Pixels Launch Year: 20242 Years Comprehensive Warranty on Product
SAMSUNG New D Series Brighter Crystal Vivid (2024 Edition) 138 cm (55 inch) Ultra HD (4K) LED Smart Ti...,"42,990",Operating System: TizenUltra HD (4K) 3840 x 2160 Pixels Launch Year: 20242 Year Warranty (1 Year Standard Warranty + 1 Year additional warranty on Panel)
"TCL 139 cm (55 inch) QLED Ultra HD (4K) Smart Google TV with Dolby Atmos 35W, ONKYO 2.1ch with Subwoof...","42,990",Operating System: Google TVUltra HD (4K) 3840 x 2160 Pixels Launch Year: 20242 Years Comprehensive Warranty on Product
"Hisense U6K 139 cm (55 inch) QLED Ultra HD (4K) Smart Google TV With Full Array Local Dimming, Hands F...","41,999",Operating System: Google TVUltra HD (4K) 3840 x 2160 Pixels Launch Year: 20232 Years Comprehensive Warranty
TCL C645 139 cm (55 inch) QLED Ultra HD (4K) Smart Google TV With Hands-Free Voice Control,"41,999",Operating System: Google TVUltra HD (4K) 3840 x 2160 Pixels Launch Year: 20232 Years Warranty on Product
"TOSHIBA M550MP 139 cm (55 inch) QLED Ultra HD (4K) Smart Google TV With Full Array Local Dimming, Powe...","41,999",Operating System: Google TVUltra HD (4K) 3840 × 2160 Pixels Launch Year: 20232 Years Comprehensive Warranty. You will enjoy 2 years warranty on this product based on your invoice and the date mentioned on invoice.
CANDY 139 cm (55 inch) QLED Ultra HD (4K) Smart Google TV With Dolby Atmos & Dolby Vision,"41,990",Operating System: Google TVUltra HD (4K) 3840 x 2160 Pixels Launch Year: 20232 Years Warranty
IMPEX 139 cm (55 inch) Ultra HD (4K) LED Smart Google TV with Dolby audio,"41,990",Operating System: Google TVUltra HD (4K) 3840 x 2160 Pixels Launch Year: 20234 Years Warranty on Product
"LG UR7500 139 cm (55 inch) Ultra HD (4K) LED Smart WebOS TV with Alpha75 Gen6 AI Processor, AI Picture...","41,990",Operating System: WebOSUltra HD (4K) 3840 x 2160 Pixels Launch Year: 20231 Year Product Warranty Applicable
Panasonic 139 cm (55 inch) Ultra HD (4K) LED Smart Google TV,"41,990",Operating System: Google TVUltra HD (4K) 3840 x 2160 Pixels Launch Year: 20231 Year Warranty on Product
TCL 138.71 cm (55 inch) QLED Ultra HD (4K) Smart Google TV Hands Free Voice Control |Dolby Vision- Atm...,"41,990",Operating System: Google TVUltra HD (4K) 3840 x 2160 Pixels Launch Year: 20242 Years Comprehensive Warranty
"LG UQ7550 139 cm (55 inch) Ultra HD (4K) LED Smart WebOS TV with Alpha75 Gen5 AI Processor 4K, Magic R...","40,990",Operating System: WebOSUltra HD (4K) 3840 x 2160 Pixels Launch Year: 20231 Year Product Warranty Applicable
"Hisense Tornado 139 cm (55 inch) Ultra HD (4K) LED Smart Google TV with Built-in JBL Soundbar, 25W Sub...","39,999",Operating System: Google TVUltra HD (4K) 3840 x 2160 Pixels Launch Year: 20232 Years Comprehensive Warranty
MOTOROLA EnvisionX Spectra 140 cm (55 inch) Ultra HD (4K) Mini LED Smart Google TV 2024 Edition with D...,"39,999",Operating System: Google TVUltra HD (4K) 3840 x 2160 Pixels Launch Year: 20241 Year Warranty
MOTOROLA EnvisionX Spectra 140 cm (55 inch) Ultra HD (4K) Mini LED Smart Google TV 2024 Edition with D...,"39,999",Operating System: Google TVUltra HD (4K) 3840 x 2160 Pixels Launch Year: 20241 Year Warranty
MOTOROLA EnvisionX Spectra 140 cm (55 inch) Ultra HD (4K) Mini LED Smart Google TV 2024 Edition with D...,"39,999",Operating System: Google TVUltra HD (4K) 3840 x 2160 Pixels Launch Year: 20241 Year Warranty
MOTOROLA EnvisionX Spectra 140 cm (55 inch) Ultra HD (4K) Mini LED Smart Google TV 2024 Edition with D...,"39,999",Operating System: Google TVUltra HD (4K) 3840 x 2160 Pixels Launch Year: 20241 Year Warranty
TOSHIBA M550LP Series 139 cm (55 inch) QLED Ultra HD (4K) Smart Google TV With Bass Woofer and REGZA E...,"39,999",Operating System: Google TVUltra HD (4K) 3840 x 2160 Pixels Launch Year: 20222 Years Comprehensive Warranty
Haier 140 cm (55 inch) Ultra HD (4K) LED Smart Google TV,"38,990",Operating System: Google TVUltra HD (4K) 3840 × 2160 Pixels Launch Year: 20232 Years Comprehensive Warranty on Product
TOSHIBA C350LP 139 cm (55 inch) Ultra HD (4K) LED Smart Google TV with Dolby Vision Atmos and REGZA En...,"38,668",Operating System: Google TVUltra HD (4K) 3840 x 2160 Pixels Launch Year: 20222 Years Warranty on Product and Panel
TOSHIBA 139 cm (55 inch) QLED Ultra HD (4K) Smart VIDAA TV with Dolby Vision Atmos and REGZA Engine ZR...,"37,999",Operating System: VIDAAUltra HD (4K) 3840 x 2160 Pixels Launch Year: 20242 Year Comprehensive Warranty
Mi X Series 138 cm (55 inch) Ultra HD (4K) LED Smart Google TV with 4K Dolby Vision | HDR 10 | Dolby A...,"36,999",Operating System: Google TVUltra HD (4K) 3840 x 2160 Pixels Launch Year: 20231 Year Warranty on Product and 2 Years Warranty on Panel
acerpure Swift TV by Acer (2024 Series) 139 cm (55 inch) Ultra HD (4K) LED Smart Google TV with Bezel-...,"35,999",Operating System: Google TVUltra HD (4K) 3840 x 2160 Pixels Launch Year: 20241 Year Comprehensive Warranty On Product
"Hisense E6N 139 cm (55 inch) Ultra HD (4K) LED Smart Google TV 2024 Edition with Dolby Vision Atmos, D...","35,999",Operating System: Google TVUltra HD (4K) 3840 X 2160 Pixels Launch Year: 20242 Years Comprehensive Warranty on Product
"Hisense Tornado 139 cm (55 inch) Ultra HD (4K) LED Smart Google TV with 102W JBL 6 Speakers, Dolby Vis...","35,999",Operating System: Google TVUltra HD (4K) 3840 x 2160 Pixels Launch Year: 20222 Years Comprehensive Warranty
TCL 138.71 cm (55 inch) Ultra HD (4K) LED Smart Google TV with with 24W Dolby Audio and Metallic Bezel...,"35,990",Operating System: Google TVUltra HD (4K) 3840 x 2160 Pixels Launch Year: 20242 Years Warranty on Product
"Compaq 140 cm (55 inch) Ultra HD (4K) LED Smart Android TV with 2 GB RAM, Dolby Audio, Bezel-less Scre...","34,499",Operating System: AndroidUltra HD (4K) 3840 x 2160 Pixels Launch Year: 20221 Year Warranty on the Product
Hisense E7K 139 cm (55 inch) QLED Ultra HD (4K) Smart VIDAA TV With Dolby Vision and Atmos,"33,999",Operating System: VIDAAUltra HD (4K) 3840 × 2160 Pixels Launch Year: 20232 Years Comprehensive Warranty from on orders from 1st April 2024
iFFALCON by TCL 139 cm (55 inch) QLED Ultra HD (4K) Smart Google TV With Dolby Atmos Vision & HDR10,"33,999",Operating System: Google TVUltra HD (4K) 3840 x 2160 Pixels Launch Year: 20231 Year Warranty
Sansui 140 cm (55 inch) Ultra HD (4K) LED Smart Android TV with Dolby Audio and DTS (Mystique Black),"33,069",Operating System: AndroidUltra HD (4K) 3840 x 2160 Pixels Launch Year: 20201 Year Comprehensive Warranty on Product and Additional 1 Year Warranty on Panel
Acer V Series 139 cm (55 inch) QLED Ultra HD (4K) Smart Google TV,"32,999",Operating System: Google TVUltra HD (4K) 3840 x 2160 Pixels Launch Year: 20232 Years Comprehensive Warranty from the Date of Purchase
"Hisense A6K 139 cm (55 inch) Ultra HD (4K) LED Smart Google TV with Hands Free Voice Control, Dolby Vi...","32,999",Operating System: Google TVUltra HD (4K) 3840 x 2160 Pixels Launch Year: 20232 Years Comprehensive Warranty
MOTOROLA EnvisionX 140 cm (55 inch) QLED Ultra HD (4K) Smart Google TV with Dolby Vision and Dolby Atm...,"32,999",Operating System: Google TVUltra HD (4K) 3840 x 2160 Pixels Launch Year: 20231 Year Warranty
Coocaa Frameless 138 cm (55 inch) Ultra HD (4K) LED Smart Google TV 2024 Edition with HDR 10+ Dolby Vi...,"31,999",Operating System: Google TVUltra HD (4K) 3840 x 2160 Pixels Launch Year: 20241 Year Domestic Warranty
Coocaa Frameless 138 cm (55 inch) Ultra HD (4K) LED Smart Google TV 2024 Edition with HDR 10+ Dolby Vi...,"31,999",Operating System: Google TVUltra HD (4K) 3840 x 2160 Pixels Launch Year: 20241 Year Domestic Warranty
Coocaa Frameless 138 cm (55 inch) Ultra HD (4K) LED Smart Google TV 2024 Edition with HDR 10+ Dolby Vi...,"31,999",Operating System: Google TVUltra HD (4K) 3840 x 2160 Pixels Launch Year: 20241 Year Domestic Warranty
Coocaa Frameless 138 cm (55 inch) Ultra HD (4K) LED Smart Google TV 2024 Edition with HDR 10+ Dolby Vi...,"31,999",Operating System: Google TVUltra HD (4K) 3840 x 2160 Pixels Launch Year: 20241 Year Domestic Warranty
Vu Cinema 139 cm (55 inch) Ultra HD (4K) LED Smart WebOS TV 2024 Edition,"31,999",Operating System: WebOSUltra HD (4K) 3840 x 2160 Pixels Launch Year: 20241 Year Warranty
"Acer H PRO Series 139 cm (55 inch) Ultra HD (4K) LED Smart Google TV with 76W PRO Speakers, Dolby Visi...","30,999",Operating System: Google TVUltra HD (4K) 3840 × 2160 Pixels Launch Year: 20231 Year Comprehensive Warranty on Product and 2 Years Warranty on Panel
ONIDA 139 cm (55 inch) Ultra HD (4K) LED Smart Google TV with Dolby Atmos Vision & HDR10,"30,799",Operating System: Google TVUltra HD (4K) 3840 x 2160 Pixels Launch Year: 20231 Year Warranty on the Product
"Acer Advanced I Series 139 cm (55 inch) Ultra HD (4K) LED Smart Google TV with Dolby Vision-Atmos, 36W...","29,999",Operating System: Google TVUltra HD (4K) 3840 x 2160 Pixels Launch Year: 20231 Year Comprehensive Warranty from the Date of Purchase
Blaupunkt CyberSound G2 139 cm (55 inch) Ultra HD (4K) LED Smart Google TV with Dolby Vision & 60W Sou...,"29,999",Operating System: Google TVUltra HD (4K) 3840 × 2160 Pixels Launch Year: 20231 Year Warranty on Product and 6 Months Warranty on Accessories
"iFFALCON by TCL U64 139 cm (55 inch) Ultra HD (4K) LED Smart Google TV with 24W Dolby Audio, HDR10","29,999",Operating System: Google TVUltra HD (4K) 3840 x 2160 Pixels Launch Year: 20241 Year Warranty on Product
"SENS Dwinci 140 cm (55 inch) QLED Ultra HD (4K) Smart Google TV With LumiSENS Panel, Dolby Vision and ...","29,999",Operating System: Google TVUltra HD (4K) 3840 x 2160 Pixels Launch Year: 20221 Year Comprehensive Warranty on Product and Additional 1 Year Warranty on Panel
Thomson 139 cm (55 inch) QLED Ultra HD (4K) Smart Google TV with Dolby Vision & Atmos,"29,999",Operating System: Google TVUltra HD (4K) 3840 x 2160 Pixels Launch Year: 20221 Year Warranty on Product and 6 Months Warranty on Accessories
"iFFALCON by TCL U62 139 cm (55 inch) Ultra HD (4K) LED Smart Google TV with Dolby Audio, HDR10","28,999",Operating System: Google TVUltra HD (4K) 3840 x 2160 Pixels Launch Year: 20221 Year Warranty
Foxsky 139 cm (55 inch) Ultra HD (4K) LED Smart Android TV,"26,499",Operating System: AndroidUltra HD (4K) 3840 x 2160 Pixels Launch Year: 20231 Year Standard Manufacturer Warranty from SkyWall
REDMI 108 cm (43 inch) Ultra HD (4K) LED Smart FireTv OS 7 TV 2024 Edition,"23,999",Operating System: FireTv OS 7Ultra HD (4K) 3840 x 2160 Pixels Launch Year: 20241 Year Comprehensive Warranty on Product and 1 Year Additional Warranty on Panel
REDMI 108 cm (43 inch) Ultra HD (4K) LED Smart FireTv OS 7 TV 2024 Edition,"23,999",Operating System: FireTv OS 7Ultra HD (4K) 3840 x 2160 Pixels Launch Year: 20241 Year Comprehensive Warranty on Product and 1 Year Additional Warranty on Panel
REDMI 108 cm (43 inch) Ultra HD (4K) LED Smart FireTv OS 7 TV 2024 Edition,"23,999",Operating System: FireTv OS 7Ultra HD (4K) 3840 x 2160 Pixels Launch Year: 20241 Year Comprehensive Warranty on Product and 1 Year Additional Warranty on Panel
Mi A Series 108 cm (43 inch) Full HD LED Smart Google TV,"22,999",Operating System: Google TVFull HD 1920 x 1080 Pixels Launch Year: 20241 year comprehensive warranty on product and 1 year additional on Panel provided by the brand from the date of purchase
Mi A Series 108 cm (43 inch) Full HD LED Smart Google TV,"22,999",Operating System: Google TVFull HD 1920 x 1080 Pixels Launch Year: 20241 year comprehensive warranty on product and 1 year additional on Panel provided by the brand from the date of purchase
Mi A Series 108 cm (43 inch) Full HD LED Smart Google TV,"22,999",Operating System: Google TVFull HD 1920 x 1080 Pixels Launch Year: 20241 year comprehensive warranty on product and 1 year additional on Panel provided by the brand from the date of purchase
Mi A series 108 cm (43 inch) Full HD LED Smart Google TV with FHD | Dolby Audio | DTS : HD | DTS Virtu...,"22,999",Operating System: Google TVFull HD 1920 x 1080 Pixels Launch Year: 20231 Year Warranty on Product and 2 Years Warranty on Panel
Mi A series 108 cm (43 inch) Full HD LED Smart Google TV with FHD | Dolby Audio | DTS : HD | DTS Virtu...,"22,999",Operating System: Google TVFull HD 1920 x 1080 Pixels Launch Year: 20231 Year Warranty on Product and 2 Years Warranty on Panel
Mi A series 108 cm (43 inch) Full HD LED Smart Google TV with FHD | Dolby Audio | DTS : HD | DTS Virtu...,"22,999",Operating System: Google TVFull HD 1920 x 1080 Pixels Launch Year: 20231 Year Warranty on Product and 2 Years Warranty on Panel
Mi A series 108 cm (43 inch) Full HD LED Smart Google TV with FHD | Dolby Audio | DTS : HD | DTS Virtu...,"22,999",Operating System: Google TVFull HD 1920 x 1080 Pixels Launch Year: 20231 Year Warranty on Product and 2 Years Warranty on Panel
Coocaa Frameless 108 cm (43 inch) Ultra HD (4K) LED Smart Google TV 2024 Edition with HDR 10+ Dolby Vi...,"21,999",Operating System: Google TVUltra HD (4K) 3840 x 2160 Pixels Launch Year: 20241 Year Domestic Warranty
Coocaa Frameless 108 cm (43 inch) Ultra HD (4K) LED Smart Google TV 2024 Edition with HDR 10+ Dolby Vi...,"21,999",Operating System: Google TVUltra HD (4K) 3840 x 2160 Pixels Launch Year: 20241 Year Domestic Warranty
Admiral 108 cm (43 inch) Ultra HD (4K) LED Smart Google TV 2024 Edition,"19,999",Operating System: Google TVUltra HD (4K) 3840 x 2160 Pixels Launch Year: 20243 Years Warranty on product
Admiral 108 cm (43 inch) Ultra HD (4K) LED Smart Google TV 2024 Edition,"19,999",Operating System: Google TVUltra HD (4K) 3840 x 2160 Pixels Launch Year: 20243 Years Warranty on product
Admiral 108 cm (43 inch) Ultra HD (4K) LED Smart Google TV 2024 Edition,"19,999",Operating System: Google TVUltra HD (4K) 3840 x 2160 Pixels Launch Year: 20243 Years Warranty on product
Admiral 108 cm (43 inch) Ultra HD (4K) LED Smart Google TV 2024 Edition,"19,999",Operating System: Google TVUltra HD (4K) 3840 x 2160 Pixels Launch Year: 20243 Years Warranty on product
Coocaa Frameless 108 cm (43 inch) Full HD LED Smart Google TV 2024 Edition with HDR 10 Dolby Audio and...,"18,999",Operating System: Google TVFull HD 1920 x 1080 Pixels Launch Year: 20241 Year Domestic Warranty
Coocaa Frameless 80 cm (32 inch) HD Ready LED Smart Google TV 2024 Edition with HDR 10 Dolby Audio and...,"10,999",Operating System: Google TVHD Ready 1366 x 768 Pixels Launch Year: 20241 Year Domestic Warranty
